{"name":"Saudacoes","identifier":"BLNA4AM66O","description":null,"parentIntentSignature":null,"sampleUtterances":[{"utterance":"Oi"},{"utterance":"Olá"},{"utterance":"Bom dia"},{"utterance":"Boa Tarde"},{"utterance":"Boa Noite"},{"utterance":"/start"},{"utterance":"oi"},{"utterance":"E aí"},{"utterance":"Tudo bem"},{"utterance":"Olá, tudo bem"},{"utterance":"Oi, como vai"},{"utterance":"Saudações"},{"utterance":"Oi, pessoal"},{"utterance":"Oi, tudo certo"},{"utterance":"Olá, como está"},{"utterance":"E aí, beleza"},{"utterance":"Como vai"},{"utterance":"Tudo bom"},{"utterance":"Olá, bom dia"},{"utterance":"Oi, boa tarde"},{"utterance":"Olá, boa noite"},{"utterance":"E aí, tudo bem"},{"utterance":"Oi, tudo bom"},{"utterance":"Salve"},{"utterance":"Como está"},{"utterance":"Boa tarde, pessoal"},{"utterance":"Oi, gente"},{"utterance":"Bom dia, como vai"},{"utterance":"Boa tarde, tudo bem"},{"utterance":"Boa noite, como está"},{"utterance":"Oi, como você está"},{"utterance":"Olá, tudo bom"},{"utterance":"Oi, tudo bem com você"},{"utterance":"Como você está"},{"utterance":"Tudo certo"},{"utterance":"Olá, como vai"},{"utterance":"Oi, tudo beleza"},{"utterance":"Bom dia a todos"},{"utterance":"Como você está hoje"},{"utterance":"Olá, tudo certinho"},{"utterance":"Olá, gente"},{"utterance":"E aí, como vai"},{"utterance":"Boa tarde a todos"},{"utterance":"Tudo bem com você"},{"utterance":"Bom dia, como está"},{"utterance":"Boa tarde, como vai"},{"utterance":"Boa noite, tudo certo?"},{"utterance":"Como está indo?"},{"utterance":"Olá, tudo tranquilo?"},{"utterance":"Oi, tudo tranquilo?"},{"utterance":"Como está você?"},{"utterance":"Olá a todos"},{"utterance":"Boa noite, pessoal"},{"utterance":"Saudação"}],"intentConfirmationSetting":null,"intentClosingSetting":{"isActive":true,"nextStep":{"sessionAttributes":null,"dialogAction":{"type":"EndConversation","slotToElicit":null,"suppressNextMessage":null},"intent":{"name":null,"slots":null}},"closingResponse":null},"initialResponseSetting":{"conditional":null,"codeHook":{"isActive":false,"enableCodeHookInvocation":true,"invocationLabel":null,"postCodeHookSpecification":{"failureResponse":null,"failureNextStep":{"sessionAttributes":null,"dialogAction":{"type":"StartIntent","slotToElicit":null,"suppressNextMessage":null},"intent":{"name":"FallbackIntent","slots":null}},"failureConditional":null,"successResponse":null,"successNextStep":{"sessionAttributes":null,"dialogAction":{"type":"EndConversation","slotToElicit":null,"suppressNextMessage":null},"intent":{"name":null,"slots":null}},"successConditional":null,"timeoutResponse":{"messageGroupsList":[{"message":{"ssmlMessage":null,"customPayload":null,"plainTextMessage":{"value":"we are having problem"},"imageResponseCard":null},"variations":null}],"allowInterrupt":true},"timeoutNextStep":{"sessionAttributes":null,"dialogAction":{"type":"EndConversation","slotToElicit":null,"suppressNextMessage":null},"intent":{"name":null,"slots":null}},"timeoutConditional":null}},"nextStep":{"sessionAttributes":null,"dialogAction":{"type":"CloseIntent","slotToElicit":null,"suppressNextMessage":null},"intent":{"name":null,"slots":null}},"initialResponse":{"messageGroupsList":[{"message":{"ssmlMessage":null,"customPayload":null,"plainTextMessage":{"value":"Olá! 👋 Meu nome é Aurion e estou aqui para descrever e extrair textos das imagens que você enviar."},"imageResponseCard":null},"variations":null}],"allowInterrupt":true}},"inputContexts":null,"outputContexts":null,"kendraConfiguration":null,"qnAIntentConfiguration":null,"bedrockAgentIntentConfiguration":null,"dialogCodeHook":{"enabled":false},"fulfillmentCodeHook":{"isActive":false,"postFulfillmentStatusSpecification":{"failureResponse":null,"failureNextStep":{"sessionAttributes":null,"dialogAction":{"type":"CloseIntent","slotToElicit":null,"suppressNextMessage":null},"intent":{"name":null,"slots":null}},"successResponse":{"messageGroupsList":[{"message":{"ssmlMessage":null,"customPayload":null,"plainTextMessage":{"value":"oii"},"imageResponseCard":null},"variations":null}],"allowInterrupt":true},"successNextStep":{"sessionAttributes":null,"dialogAction":{"type":"CloseIntent","slotToElicit":null,"suppressNextMessage":null},"intent":{"name":null,"slots":null}},"timeoutResponse":null,"timeoutNextStep":{"sessionAttributes":null,"dialogAction":{"type":"CloseIntent","slotToElicit":null,"suppressNextMessage":null},"intent":{"name":null,"slots":null}}},"fulfillmentUpdatesSpecification":null,"enabled":true},"slotPriorities":[]}